{
    "epoch": [
        1,
        2,
        3,
        4,
        5,
        6,
        7,
        8,
        9,
        10
    ],
    "train_loss": [
        0.42756360319622777,
        0.35329525726929045,
        0.31051997414283583,
        0.2682589446504911,
        0.19475240269512462,
        0.12195788434657612,
        0.08457578163136516,
        0.0663616728666647,
        0.042922515043449634,
        0.04049279850727895
    ],
    "train_acc": [
        0.7906772207563765,
        0.8390501319261213,
        0.8577396657871592,
        0.8858839050131926,
        0.9201846965699209,
        0.9548153034300791,
        0.968117854001759,
        0.9770228671943711,
        0.9851583113456465,
        0.9855980650835532
    ],
    "test_acc": [
        0.7276563099347909,
        0.810126582278481,
        0.8411967779056386,
        0.8599923283467588,
        0.807825086306099,
        0.8273878020713463,
        0.7886459532029152,
        0.841963943229766,
        0.8300728807057921,
        0.844265439202148
    ]
}