{
    "epoch": [
        1,
        2,
        3,
        4,
        5,
        6,
        7,
        8,
        9,
        10,
        11,
        12,
        13,
        14,
        15,
        16,
        17,
        18,
        19,
        20,
        21,
        22,
        23,
        24,
        25,
        26,
        27,
        28,
        29,
        30,
        31,
        32,
        33,
        34,
        35,
        36,
        37,
        38,
        39,
        40,
        41,
        42,
        43,
        44,
        45,
        46,
        47,
        48,
        49,
        50,
        51,
        52,
        53,
        54,
        55,
        56,
        57,
        58,
        59,
        60,
        61,
        62,
        63,
        64,
        65,
        66,
        67,
        68,
        69,
        70,
        71,
        72,
        73,
        74,
        75,
        76,
        77,
        78,
        79,
        80,
        81,
        82,
        83,
        84,
        85,
        86,
        87,
        88,
        89,
        90,
        91,
        92,
        93,
        94,
        95,
        96,
        97,
        98,
        99,
        100
    ],
    "train_loss": [
        0.569263221658006,
        0.46764691569367234,
        0.4458500014580026,
        0.41708911012630073,
        0.40671198602233616,
        0.4065895287358031,
        0.3691231503474469,
        0.3518690711685589,
        0.35219215647298463,
        0.32056060250924556,
        0.30128643745366407,
        0.28329139408104276,
        0.25146173636371993,
        0.21953424309589425,
        0.17880526012075798,
        0.16956983875407247,
        0.14668146610183982,
        0.13590769473539324,
        0.11954437488956111,
        0.08727223920274754,
        0.06538446447621955,
        0.07999993997093822,
        0.11528065617253282,
        0.08931596560299168,
        0.04956873496329146,
        0.04696818401832704,
        0.05278833772944363,
        0.058426384134598226,
        0.06252524203487805,
        0.04646025330769088,
        0.05061120700034104,
        0.06046181865635195,
        0.06931025707590564,
        0.04575273298838993,
        0.03447035725801062,
        0.02712214961962784,
        0.024674157927416226,
        0.04234159213718863,
        0.023621468714792378,
        0.025785828090322736,
        0.03015923394782383,
        0.03682163470497174,
        0.033290964295869044,
        0.034441730492494105,
        0.035791549238860985,
        0.038588269795582164,
        0.03687338578296179,
        0.03354680019862028,
        0.02410889246764745,
        0.027551813037443564,
        0.025442308833589777,
        0.012876209459544935,
        0.024885813908904496,
        0.04803770053739736,
        0.026359534037788873,
        0.029603410132522743,
        0.042688485098366,
        0.02916523671444097,
        0.035338822877265,
        0.028704820166945418,
        0.021631528760308914,
        0.016418455888479188,
        0.007504614590957038,
        0.013623196828937542,
        0.020501265127083515,
        0.014183255168750386,
        0.03837555564009841,
        0.05228239031299493,
        0.01988389793924788,
        0.019600231661440506,
        0.018728415554728508,
        0.027090496164437726,
        0.03715834024508379,
        0.012003582117043207,
        0.01450320303307048,
        0.023833357496929535,
        0.01408537388577278,
        0.023008615690314958,
        0.028064815751238304,
        0.010382019732045295,
        0.013630419610438236,
        0.019328625127929294,
        0.017364862131291042,
        0.022745766430767728,
        0.012674015667972544,
        0.006796323998189889,
        0.017937476764779362,
        0.027243730955851045,
        0.03248045755664899,
        0.031822528516664644,
        0.026744785783954953,
        0.038359360952329426,
        0.011455587419082544,
        0.015984357230397053,
        0.008337974198499923,
        0.0046755225654792135,
        0.007513974575013723,
        0.010235471097224277,
        0.01603048329755494,
        0.01916530242250497
    ],
    "train_acc": [
        0.7133247918001281,
        0.75624599615631,
        0.7905188981422165,
        0.7956438180653427,
        0.799167200512492,
        0.8039718129404229,
        0.8334401024983985,
        0.8411274823830878,
        0.8411274823830878,
        0.8593850096092248,
        0.8712363869314542,
        0.8786034593209481,
        0.8968609865470852,
        0.9103139013452914,
        0.9311338885329917,
        0.9381806534272902,
        0.9436258808456118,
        0.9452274183215887,
        0.9557975656630365,
        0.9654067905188981,
        0.9740550928891736,
        0.970211402946829,
        0.9541960281870596,
        0.9670083279948751,
        0.981742472773863,
        0.9833440102498399,
        0.981742472773863,
        0.9798206278026906,
        0.9762972453555413,
        0.9830237027546445,
        0.9820627802690582,
        0.9778987828315182,
        0.9740550928891736,
        0.9862267777065984,
        0.988468930172966,
        0.990070467648943,
        0.992632927610506,
        0.9846252402306214,
        0.9910313901345291,
        0.9894298526585522,
        0.9878283151825753,
        0.9878283151825753,
        0.9878283151825753,
        0.9881486226777707,
        0.9881486226777707,
        0.985906470211403,
        0.9862267777065984,
        0.9897501601537476,
        0.9932735426008968,
        0.9910313901345291,
        0.9907110826393337,
        0.9955156950672646,
        0.9916720051249199,
        0.9852658552210122,
        0.988468930172966,
        0.9913516976297245,
        0.9846252402306214,
        0.9913516976297245,
        0.9878283151825753,
        0.9891095451633568,
        0.9916720051249199,
        0.9939141575912877,
        0.9983984625240231,
        0.994234465086483,
        0.9932735426008968,
        0.9948750800768738,
        0.9871877001921845,
        0.9804612427930813,
        0.9919923126201153,
        0.9939141575912877,
        0.9923126201153107,
        0.9897501601537476,
        0.9868673926969891,
        0.9964766175528508,
        0.9948750800768738,
        0.9929532351057014,
        0.994234465086483,
        0.990070467648943,
        0.9907110826393337,
        0.9961563100576554,
        0.9961563100576554,
        0.9935938500960922,
        0.9945547725816785,
        0.9913516976297245,
        0.9948750800768738,
        0.9983984625240231,
        0.994234465086483,
        0.9916720051249199,
        0.9891095451633568,
        0.9894298526585522,
        0.9897501601537476,
        0.9875080076873799,
        0.9948750800768738,
        0.9948750800768738,
        0.9974375400384369,
        0.9983984625240231,
        0.9971172325432415,
        0.99583600256246,
        0.9951953875720692,
        0.9929532351057014
    ],