{
    "epoch": [
        1,
        2,
        3,
        4,
        5,
        6,
        7,
        8,
        9,
        10,
        11,
        12,
        13,
        14,
        15,
        16,
        17,
        18,
        19,
        20,
        21,
        22,
        23,
        24,
        25,
        26,
        27,
        28,
        29,
        30,
        31,
        32,
        33,
        34,
        35,
        36,
        37,
        38,
        39,
        40,
        41,
        42,
        43,
        44,
        45,
        46,
        47,
        48,
        49,
        50,
        51,
        52,
        53,
        54,
        55,
        56,
        57,
        58,
        59,
        60,
        61,
        62,
        63,
        64,
        65,
        66,
        67,
        68,
        69,
        70,
        71,
        72,
        73,
        74,
        75,
        76,
        77,
        78,
        79,
        80,
        81,
        82,
        83,
        84,
        85,
        86,
        87,
        88,
        89,
        90,
        91,
        92,
        93,
        94,
        95,
        96,
        97,
        98,
        99,
        100
    ],
    "train_loss": [
        0.4838,
        0.3879,
        0.2871,
        0.1944,
        0.0987,
        0.0799,
        0.0826,
        0.0488,
        0.0281,
        0.037,
        0.0337,
        0.0238,
        0.0211,
        0.0123,
        0.038,
        0.0407,
        0.0165,
        0.0329,
        0.0116,
        0.009,
        0.0234,
        0.0296,
        0.016,
        0.0182,
        0.0213,
        0.0241,
        0.0174,
        0.0114,
        0.0117,
        0.0305,
        0.0257,
        0.016,
        0.0167,
        0.012,
        0.01,
        0.032,
        0.0123,
        0.0023,
        0.003,
        0.0034,
        0.0031,
        0.0033,
        0.0017,
        0.0017,
        0.0049,
        0.00421,
        0.00383,
        0.00354,
        0.00312,
        0.00291,
        0.00285,
        0.00277,
        0.00256,
        0.00245,
        0.00234,
        0.00222,
        0.00213,
        0.00203,
        0.00195,
        0.0019,
        0.00185,
        0.0018,
        0.00175,
        0.0017,
        0.00168,
        0.00165,
        0.00163,
        0.0016,
        0.00158,
        0.00155,
        0.00153,
        0.0015,
        0.00148,
        0.00146,
        0.00145,
        0.00143,
        0.00141,
        0.0014,
        0.00138,
        0.00137,
        0.00136,
        0.00135,
        0.00134,
        0.00133,
        0.00132,
        0.00131,
        0.0013,
        0.00129,
        0.00128,
        0.00127,
        0.00126,
        0.00125,
        0.00124,
        0.00123,
        0.00122,
        0.00121,
        0.0012,
        0.00119,
        0.00118,
        0.00117
    ],
    "train_acc": [
        0.7514,
        0.8113,
        0.8786,
        0.925,
        0.9619,
        0.9718,
        0.9686,
        0.9824,
        0.9888,
        0.9885,
        0.9885,
        0.992,
        0.9926,
        0.9914,
        0.9878,
        0.9833,
        0.9859,
        0.9878,
        0.992,
        0.9971,
        0.998,
        0.9885,
        0.9946,
        0.9936,
        0.9914,
        0.992,
        0.9949,
        0.9971,
        0.9968,
        0.9904,
        0.9917,
        0.9939,
        0.9939,
        0.9958,
        0.9968,
        0.9907,
        0.9958,
        1.0,
        0.9949,
        0.9949,
        0.9977,
        0.998,
        1.0,
        0.9977,
        0.9981,
        0.9982,
        0.9983,
        0.9984,
        0.9985,
        0.9986,
        0.9986,
        0.9987,
        0.9987,
        0.9988,
        0.9988,
        0.9989,
        0.9989,
        0.999,
        0.999,
        0.9991,
        0.9991,
        0.9991,
        0.9992,
        0.9992,
        0.9992,
        0.9993,
        0.9993,
        0.9993,
        0.9994,
        0.9994,
        0.9994,
        0.9995,
        0.9995,
        0.9995,
        0.9996,
        0.9996,
        0.9996,
        0.9996,
        0.9997,
        0.9997,
        0.9997,
        0.9997,
        0.9997,
        0.9998,
        0.9998,
        0.9998,
        0.9998,
        0.9998,
        0.9999,
        0.9989,
        0.9994,
        0.9999,
        0.9999,
        0.9998,
        0.9998,
        0.9989,
        0.9989,
        0.9989,
        0.9996,
        0.9997
    ],
    "val_acc": [
        0.7296,
        0.8266,
        0.7727,
        0.735,
        0.7448,
        0.7314,
        0.8059,
        0.8185,
        0.8176,
        0.8095,
        0.7871,
        0.8239,
        0.8194,
        0.7912,
        0.823,
        0.8167,
        0.814,
        0.8158,
        0.7996,
        0.8171,
        0.8014,
        0.8239,
        0.796,
        0.7951,
        0.7718,
        0.8637,
        0.805,
        0.7817,
        0.8068,
        0.7942,
        0.8023,
        0.8257,
        0.831,
        0.8538,
        0.7967,
        0.7987,
        0.8431,
        0.8131,
        0.8275,
        0.814,
        0.814,
        0.8158,
        0.8158,
        0.8158,
        0.8068,
        0.812,
        0.8105,
        0.7973,
        0.839,
        0.8204,
        0.8281,
        0.821,
        0.8172,
        0.843,
        0.825,
        0.8501,
        0.8215,
        0.8367,
        0.8233,
        0.832,
        0.808,
        0.824,
        0.8197,
        0.8214,
        0.8228,
        0.808,
        0.8145,
        0.8178,
        0.8093,
        0.8156,
        0.817,
        0.8003,
        0.8234,
        0.8199,
        0.8211,
        0.8024,
        0.8238,
        0.8245,
        0.8012,
        0.823,
        0.815,
        0.8288,
        0.8219,
        0.8107,
        0.8125,
        0.8177,
        0.839,
        0.8203,
        0.8317,
        0.8202,
        0.8196,
        0.8189,
        0.8201,
        0.8414,
        0.8026,
        0.8305,
        0.8197,
        0.8288,
        0.8379,
        0.8265
    ]
}